{
  "targets": [
    {
      "id": "Target0",
      "name": "Target0",
      "element": "Area1"
    },
    {
      "id": "Target1",
      "name": "Target1",
      "element": "Area2"
    }
  ],
  "media": [
    {
      "id": "Media0",
      "name": "Media0",
      "url": "../external/popcorn-js/test/trailer.ogv",
      "target": "main",
      "duration": 64.54166412353516,
      "tracks": [
        {
          "name": "Track0",
          "id": "Track0",
          "trackEvents": [
            {
              "id": "TrackEvent0",
              "type": "text",
              "popcornOptions": {
                "start": 0,
                "end": 3,
                "text": "test",
                "target": "Area1"
              },
              "track": "Track0",
              "name": "TrackEvent0"
            }
          ]
        },
        {
          "name": "Track1",
          "id": "Track1",
          "trackEvents": []
        },
        {
          "name": "Track2",
          "id": "Track2",
          "trackEvents": [
            {
              "id": "TrackEvent1",
              "type": "text",
              "popcornOptions": {
                "start": 1,
                "end": 2,
                "target": "Area2"
              },
              "track": "Track2",
              "name": "TrackEvent1"
            }
          ]
        }
      ]
    }
  ]
}
